{"16": [88.74484893371407, 91.16243039163265, 91.39041501983804, 90.42713921789579, 91.12946083776148, 91.26862562737873, 90.8548035096834, 90.7449907650399, 90.97483466177759, 90.91320552869084, 90.86420589162982, 90.91795992702352], "1": [85.63875652032375, 87.87470661038311, 88.43662714115169, 87.32455658049665, 88.13244373850308, 88.26269959527067, 87.89809128566297, 87.71826579822923, 87.96708110924321, 87.89609141711203, 87.85563654530489, 87.8968321908419], "3": [75.90946105411402, 78.68445157596543, 78.32105858212987, 77.35234097449946, 77.92698270873105, 78.38625656787954, 77.90406565215305, 77.81182136370786, 78.0438627870637, 78.02336554391795, 77.89837995004397, 77.95739454972316], "14": [79.693136904565, 81.21824785509466, 81.12814051542873, 80.87716247036744, 81.04490212238683, 81.12946048798223, 80.96126148566181, 80.95420323257036, 81.00167059085881, 81.0010870534727, 80.98287795689126, 80.99688021289396], "15": [75.52647573111942, 77.27262962871065, 77.89158171420918, 76.82935452408489, 77.53153958980603, 77.51403969874124, 77.32807633857804, 77.14879554025057, 77.36820618321408, 77.30596917827951, 77.29745941470114, 77.29795020258753]}