{"16": [2.378386640601326, 2.5041855880078843, 2.63457213522485, 2.9034562877538734, 2.899174870574994, 2.6251250480914146, 2.5560230640348593, 2.5890730480877893, 2.631390830106696, 2.693340823665825, 2.73332611247088, 2.69285861734337], "14": [9.87808077587883, 8.587016588696098, 8.484502412344131, 9.223168130713056, 10.390712793058015, 11.630447071474515, 12.589278007318919, 13.10618818682331, 13.1651094944258, 12.860779092967364, 12.362290153392843, 11.841323291893389], "15": [2.1990133316684903, 1.9586219210330476, 1.775450877020079, 1.9710330489445014, 2.0747087738309724, 2.038208018827615, 2.092601450925945, 2.1183853701564264, 2.0840923476253748, 2.076530112085744, 2.082057690589419, 2.0709607101784866], "3": [11.988567221606065, 11.696474760288378, 11.653833152252444, 11.569276285572128, 11.575655117998187, 11.601622975331372, 11.602283656300767, 11.60492592498293, 11.604318376756435, 11.602489587841358, 11.60260425725339, 11.602614107439042], "1": [11.988567221606065, 11.696474760288378, 11.653833152252444, 11.569276285572128, 11.575655117998187, 11.601622975331372, 11.602283656300767, 11.60492592498293, 11.604318376756435, 11.602489587841358, 11.60260425725339, 11.602614107439042]}