{"1": [86.2381130597946, 85.68324764028503, 85.32162489787133, 85.14033207184943, 85.12727434001361, 85.27109372295139, 85.34583226363904, 85.37226530508906, 85.36870869108265, 85.35124616760068, 85.33393889551782, 85.3290128106922], "3": [82.91006962066157, 83.68108054094228, 84.29380667747597, 82.85527674985238, 83.62085111368879, 83.78281773602654, 83.75063322020274, 83.40297544724606, 83.71629108204914, 83.65477329334513, 83.62275257773497, 83.56878844301919], "14": [68.04171308927192, 67.42716907044164, 66.02940822539922, 64.33749505566718, 63.26324421735986, 62.64368119754549, 62.53808229054654, 62.97385866677478, 63.75602862420717, 64.46602338320571, 65.04977314164726, 65.37184074489045], "15": [71.24933712609304, 70.36247343683571, 69.22492998684868, 68.0858205628398, 67.34776156691886, 67.36846531776435, 67.66725515535701, 68.21738697721524, 68.83096750604402, 69.31134863217724, 69.47025410357074, 69.42704376178557], "16": [88.68562019703106, 89.10262809703616, 89.76796331299903, 88.92405939048702, 89.65719523106932, 89.683086781156, 89.65670428820367, 89.42490605464802, 89.60755484191486, 89.52803455697766, 89.53378860751731, 89.5124819915996]}